Unnamed: 0,YearsExperience
0,1.2000000000000002
1,1.4
2,1.6
4,2.3000000000000003
5,3.0
6,3.1
7,3.3000000000000003
8,3.3000000000000003
9,3.8
10,4.0
11,4.1
12,4.1
13,4.199999999999999
14,4.6
15,5.0
16,5.199999999999999
17,5.4
18,6.0
19,6.1
20,6.9
21,7.199999999999999
22,8.0
23,8.299999999999999
24,8.799999999999999
25,9.1
26,9.6
27,9.7
28,10.4
29,10.6
